,precipitation,temp_max,temp_min,wind
precipitation,1.0,-0.2728848419976006,-0.09241868808943235,0.5475450617966974
temp_max,-0.2728848419976006,1.0,0.8722728935744263,-0.16511162758141548
temp_min,-0.09241868808943235,0.8722728935744263,1.0,-0.047298321665448013
wind,0.5475450617966974,-0.16511162758141548,-0.047298321665448013,1.0
