,precipitation,temp_max,temp_min,wind
count,142.0,142.0,142.0,142.0
mean,3.699999999999999,18.916901408450702,10.31338028169014,3.242957746478873
std,8.46486271059489,7.03348598366481,4.753053947304975,1.3792997445936181
min,0.0,1.7,-3.8,0.9
25%,0.0,13.3,7.925,2.3
50%,0.0,18.9,11.1,2.95
75%,2.0,23.3,13.9,3.975
max,47.2,35.0,17.8,8.0
